{"src/json/alpha_diversity_index.json":[
{"Sample name":"S1",
"observed_species":"3303",
"shannon":"9.250",
"simpson":"0.996",
"chao1":"3363.616",
"ACE":"3443.812",
"goods_coverage":"0.998",
"PD_whole_tree":"168.462"
},
{"Sample name":"S2",
"observed_species":"3241",
"shannon":"9.064",
"simpson":"0.995",
"chao1":"3483.699",
"ACE":"3525.822",
"goods_coverage":"0.997",
"PD_whole_tree":"170.410"
},
{"Sample name":"S3",
"observed_species":"3431",
"shannon":"9.336",
"simpson":"0.996",
"chao1":"3663.624",
"ACE":"3695.495",
"goods_coverage":"0.997",
"PD_whole_tree":"176.885"
},
{"Sample name":"RD1",
"observed_species":"3137",
"shannon":"8.955",
"simpson":"0.994",
"chao1":"3398.424",
"ACE":"3427.148",
"goods_coverage":"0.997",
"PD_whole_tree":"162.547"
},
{"Sample name":"RD2",
"observed_species":"3234",
"shannon":"8.960",
"simpson":"0.994",
"chao1":"3484.167",
"ACE":"3517.831",
"goods_coverage":"0.997",
"PD_whole_tree":"200.923"
},
{"Sample name":"RD3",
"observed_species":"3135",
"shannon":"8.938",
"simpson":"0.994",
"chao1":"3424.570",
"ACE":"3439.904",
"goods_coverage":"0.997",
"PD_whole_tree":"174.628"
},
{"Sample name":"RDS1",
"observed_species":"2458",
"shannon":"7.952",
"simpson":"0.985",
"chao1":"2668.881",
"ACE":"2721.638",
"goods_coverage":"0.997",
"PD_whole_tree":"168.571"
},
{"Sample name":"RDS2",
"observed_species":"2175",
"shannon":"7.182",
"simpson":"0.963",
"chao1":"2402.880",
"ACE":"2423.667",
"goods_coverage":"0.997",
"PD_whole_tree":"133.621"
},
{"Sample name":"RDS3",
"observed_species":"2464",
"shannon":"7.747",
"simpson":"0.979",
"chao1":"2693.941",
"ACE":"2729.532",
"goods_coverage":"0.997",
"PD_whole_tree":"157.453"
},
{"Sample name":"SR1",
"observed_species":"3252",
"shannon":"9.005",
"simpson":"0.994",
"chao1":"3525.527",
"ACE":"3552.002",
"goods_coverage":"0.996",
"PD_whole_tree":"208.130"
},
{"Sample name":"SR2",
"observed_species":"3015",
"shannon":"8.663",
"simpson":"0.991",
"chao1":"3302.344",
"ACE":"3292.873",
"goods_coverage":"0.997",
"PD_whole_tree":"187.556"
},
{"Sample name":"SR3",
"observed_species":"3167",
"shannon":"9.038",
"simpson":"0.994",
"chao1":"3412.000",
"ACE":"3420.256",
"goods_coverage":"0.997",
"PD_whole_tree":"179.271"
},
{"Sample name":"PR1",
"observed_species":"2847",
"shannon":"8.620",
"simpson":"0.992",
"chao1":"3141.797",
"ACE":"3144.808",
"goods_coverage":"0.997",
"PD_whole_tree":"157.285"
},
{"Sample name":"PR2",
"observed_species":"2953",
"shannon":"8.853",
"simpson":"0.994",
"chao1":"3221.488",
"ACE":"3220.147",
"goods_coverage":"0.997",
"PD_whole_tree":"161.054"
},
{"Sample name":"PR3",
"observed_species":"3226",
"shannon":"9.079",
"simpson":"0.995",
"chao1":"3475.938",
"ACE":"3491.052",
"goods_coverage":"0.997",
"PD_whole_tree":"166.705"
}
]
}
