{"src/json/data_summary.json":[
{"Sample Name":"S1",
"Raw PE(#)":"161,878",
"Combined(#)":"151,744",
"Qualified(#)":"150,266",
"Nochime(#)":"146,101",
"Base(nt)":"36,978,815",
"AvgLen(nt)":"253",
"Q20":"98.48",
"Q30":"96.23",
"GC%":"57.49",
"Effective%":"90.25"
},
{"Sample Name":"S2",
"Raw PE(#)":"177,329",
"Combined(#)":"166,504",
"Qualified(#)":"163,992",
"Nochime(#)":"158,985",
"Base(nt)":"40,236,147",
"AvgLen(nt)":"253",
"Q20":"98.57",
"Q30":"96.35",
"GC%":"57.23",
"Effective%":"89.66"
},
{"Sample Name":"S3",
"Raw PE(#)":"170,926",
"Combined(#)":"160,334",
"Qualified(#)":"157,874",
"Nochime(#)":"153,383",
"Base(nt)":"38,824,122",
"AvgLen(nt)":"253",
"Q20":"98.59",
"Q30":"96.42",
"GC%":"57.58",
"Effective%":"89.74"
},
{"Sample Name":"RD1",
"Raw PE(#)":"168,213",
"Combined(#)":"159,508",
"Qualified(#)":"157,123",
"Nochime(#)":"153,120",
"Base(nt)":"38,750,907",
"AvgLen(nt)":"253",
"Q20":"98.66",
"Q30":"96.56",
"GC%":"57.31",
"Effective%":"91.03"
},
{"Sample Name":"RD2",
"Raw PE(#)":"172,587",
"Combined(#)":"162,980",
"Qualified(#)":"160,910",
"Nochime(#)":"156,123",
"Base(nt)":"39,494,879",
"AvgLen(nt)":"253",
"Q20":"98.57",
"Q30":"96.32",
"GC%":"56.63",
"Effective%":"90.46"
},
{"Sample Name":"RD3",
"Raw PE(#)":"164,416",
"Combined(#)":"155,830",
"Qualified(#)":"153,772",
"Nochime(#)":"148,426",
"Base(nt)":"37,551,413",
"AvgLen(nt)":"253",
"Q20":"98.65",
"Q30":"96.51",
"GC%":"56.95",
"Effective%":"90.27"
},
{"Sample Name":"RDS1",
"Raw PE(#)":"164,915",
"Combined(#)":"156,056",
"Qualified(#)":"153,861",
"Nochime(#)":"147,198",
"Base(nt)":"37,230,674",
"AvgLen(nt)":"253",
"Q20":"98.63",
"Q30":"96.45",
"GC%":"55.86",
"Effective%":"89.26"
},
{"Sample Name":"RDS2",
"Raw PE(#)":"170,543",
"Combined(#)":"161,916",
"Qualified(#)":"159,865",
"Nochime(#)":"153,097",
"Base(nt)":"38,722,480",
"AvgLen(nt)":"253",
"Q20":"98.68",
"Q30":"96.53",
"GC%":"55.78",
"Effective%":"89.77"
},
{"Sample Name":"RDS3",
"Raw PE(#)":"178,631",
"Combined(#)":"169,922",
"Qualified(#)":"167,878",
"Nochime(#)":"160,162",
"Base(nt)":"40,493,343",
"AvgLen(nt)":"253",
"Q20":"98.75",
"Q30":"96.70",
"GC%":"55.24",
"Effective%":"89.66"
},
{"Sample Name":"SR1",
"Raw PE(#)":"164,119",
"Combined(#)":"157,128",
"Qualified(#)":"155,678",
"Nochime(#)":"150,203",
"Base(nt)":"37,999,409",
"AvgLen(nt)":"253",
"Q20":"98.78",
"Q30":"96.73",
"GC%":"56.68",
"Effective%":"91.52"
},
{"Sample Name":"SR2",
"Raw PE(#)":"165,138",
"Combined(#)":"155,645",
"Qualified(#)":"153,529",
"Nochime(#)":"147,739",
"Base(nt)":"37,350,033",
"AvgLen(nt)":"253",
"Q20":"98.61",
"Q30":"96.43",
"GC%":"56.38",
"Effective%":"89.46"
},
{"Sample Name":"SR3",
"Raw PE(#)":"170,830",
"Combined(#)":"159,425",
"Qualified(#)":"156,657",
"Nochime(#)":"150,387",
"Base(nt)":"38,056,685",
"AvgLen(nt)":"253",
"Q20":"98.52",
"Q30":"96.26",
"GC%":"57.06",
"Effective%":"88.03"
},
{"Sample Name":"PR1",
"Raw PE(#)":"167,382",
"Combined(#)":"158,372",
"Qualified(#)":"156,170",
"Nochime(#)":"149,826",
"Base(nt)":"37,900,123",
"AvgLen(nt)":"253",
"Q20":"98.53",
"Q30":"96.24",
"GC%":"56.42",
"Effective%":"89.51"
},
{"Sample Name":"PR2",
"Raw PE(#)":"172,054",
"Combined(#)":"165,329",
"Qualified(#)":"163,636",
"Nochime(#)":"156,953",
"Base(nt)":"39,711,062",
"AvgLen(nt)":"253",
"Q20":"98.69",
"Q30":"96.50",
"GC%":"56.46",
"Effective%":"91.22"
},
{"Sample Name":"PR3",
"Raw PE(#)":"166,896",
"Combined(#)":"159,789",
"Qualified(#)":"158,045",
"Nochime(#)":"152,743",
"Base(nt)":"38,652,534",
"AvgLen(nt)":"253",
"Q20":"98.67",
"Q30":"96.50",
"GC%":"57.01",
"Effective%":"91.52"
}
]
}
