{"src/json/stat_amova.json":[
{"vs_group":"RD-Soil",
"SS":"0.0202838(0.0316235)",
"df":"1(4)",
"MS":"0.0202838(0.00790589)",
"Fs":"2.56565",
"p-value":"0.048"
},
{"vs_group":"SR-Soil",
"SS":"0.0518587(0.0228989)",
"df":"1(4)",
"MS":"0.0518587(0.00572472)",
"Fs":"9.05873",
"p-value":"0.069"
},
{"vs_group":"PR-RD-RDS-SR-Soil",
"SS":"0.269206(0.0935371)",
"df":"4(10)",
"MS":"0.0673015(0.00935371)",
"Fs":"7.19517",
"p-value":"<0.001*"
},
{"vs_group":"RD-SR",
"SS":"0.0175831(0.0326312)",
"df":"1(4)",
"MS":"0.0175831(0.00815781)",
"Fs":"2.15537",
"p-value":"0.036"
},
{"vs_group":"RD-RDS",
"SS":"0.145252(0.0538954)",
"df":"1(4)",
"MS":"0.145252(0.0134739)",
"Fs":"10.7803",
"p-value":"0.042"
},
{"vs_group":"RDS-Soil",
"SS":"0.197991(0.0441631)",
"df":"1(4)",
"MS":"0.197991(0.0110408)",
"Fs":"17.9327",
"p-value":"0.107"
},
{"vs_group":"RDS-SR",
"SS":"0.0818584(0.0451707)",
"df":"1(4)",
"MS":"0.0818584(0.0112927)",
"Fs":"7.2488",
"p-value":"0.116"
},
{"vs_group":"PR-RD",
"SS":"0.0284259(0.0374208)",
"df":"1(4)",
"MS":"0.0284259(0.00935519)",
"Fs":"3.03852",
"p-value":"0.113"
},
{"vs_group":"PR-SR",
"SS":"0.00880693(0.0286961)",
"df":"1(4)",
"MS":"0.00880693(0.00717402)",
"Fs":"1.22762",
"p-value":"0.235"
},
{"vs_group":"PR-RDS",
"SS":"0.0681454(0.0499603)",
"df":"1(4)",
"MS":"0.0681454(0.0124901)",
"Fs":"5.45597",
"p-value":"0.051"
},
{"vs_group":"PR-Soil",
"SS":"0.0528106(0.0276884)",
"df":"1(4)",
"MS":"0.0528106(0.00692209)",
"Fs":"7.62927",
"p-value":"0.042"
}
]
}
