{"src/json/stat_mrpp.json":[
{"Group":"RD-Soil",
"A":"0.1295",
"observed-delta":"0.2215",
"expected-delta":"0.2545",
"Significance":"0.2"
},
{"Group":"RD-RDS",
"A":"0.3777",
"observed-delta":"0.2862",
"expected-delta":"0.46",
"Significance":"0.1"
},
{"Group":"RDS-Soil",
"A":"0.5415",
"observed-delta":"0.2358",
"expected-delta":"0.5144",
"Significance":"0.1"
},
{"Group":"PR-RD",
"A":"0.04569",
"observed-delta":"0.2798",
"expected-delta":"0.2932",
"Significance":"0.2"
},
{"Group":"PR-Soil",
"A":"0.2914",
"observed-delta":"0.2294",
"expected-delta":"0.3238",
"Significance":"0.1"
},
{"Group":"PR-RDS",
"A":"0.2657",
"observed-delta":"0.2941",
"expected-delta":"0.4005",
"Significance":"0.1"
},
{"Group":"RD-SR",
"A":"0.05667",
"observed-delta":"0.25",
"expected-delta":"0.2651",
"Significance":"0.2"
},
{"Group":"Soil-SR",
"A":"0.3737",
"observed-delta":"0.1997",
"expected-delta":"0.3188",
"Significance":"0.1"
},
{"Group":"RDS-SR",
"A":"0.2948",
"observed-delta":"0.2643",
"expected-delta":"0.3748",
"Significance":"0.1"
},
{"Group":"PR-SR",
"A":"-0.04207",
"observed-delta":"0.2579",
"expected-delta":"0.2475",
"Significance":"0.9"
}
]
}
