{"src/json/stat_anosim.json":[
{"Group":"Soil-RD",
"R-value":"0.4074",
"P-value":"0.2"
},
{"Group":"PR-RD",
"R-value":"-0",
"P-value":"0.6"
},
{"Group":"PR-Soil",
"R-value":"0.8148",
"P-value":"0.1"
},
{"Group":"SR-RD",
"R-value":"0.03704",
"P-value":"0.5"
},
{"Group":"SR-Soil",
"R-value":"1",
"P-value":"0.1"
},
{"Group":"SR-PR",
"R-value":"-0.1481",
"P-value":"0.7"
},
{"Group":"RDS-RD",
"R-value":"1",
"P-value":"0.1"
},
{"Group":"RDS-Soil",
"R-value":"1",
"P-value":"0.1"
},
{"Group":"RDS-PR",
"R-value":"0.963",
"P-value":"0.1"
},
{"Group":"RDS-SR",
"R-value":"0.963",
"P-value":"0.1"
}
]
}
