{"src/json/stat_adonis.json":[
{"Vs_group":"Soil-SR",
"Df":"1(4)",
"SumsOfSqs":"0.205313(0.082785)",
"MeanSqs":"0.205313(0.020696)",
"F.Model":"9.9202",
"R2":"0.71265(0.28735)",
"Pr(>F)":"0.1"
},
{"Vs_group":"Soil-RDS",
"Df":"1(4)",
"SumsOfSqs":"0.67610(0.12003)",
"MeanSqs":"0.67610(0.03001)",
"F.Model":"22.531",
"R2":"0.84923(0.15077)",
"Pr(>F)":"0.001389"
},
{"Vs_group":"Soil-RD",
"Df":"1(4)",
"SumsOfSqs":"0.069569(0.107758)",
"MeanSqs":"0.069569(0.026939)",
"F.Model":"2.5824",
"R2":"0.39232(0.60768)",
"Pr(>F)":"0.1014"
},
{"Vs_group":"Soil-PR",
"Df":"1(4)",
"SumsOfSqs":"0.17573(0.11593)",
"MeanSqs":"0.175734(0.028983)",
"F.Model":"6.0635",
"R2":"0.60252(0.39748)",
"Pr(>F)":"0.1"
},
{"Vs_group":"SR-RDS",
"Df":"1(4)",
"SumsOfSqs":"0.23522(0.14407)",
"MeanSqs":"0.235218(0.036017)",
"F.Model":"6.5308",
"R2":"0.62016(0.37984)",
"Pr(>F)":"0.1"
},
{"Vs_group":"SR-RD",
"Df":"1(4)",
"SumsOfSqs":"0.063286(0.131797)",
"MeanSqs":"0.063286(0.032949)",
"F.Model":"1.9207",
"R2":"0.32441(0.67559)",
"Pr(>F)":"0.2"
},
{"Vs_group":"SR-PR",
"Df":"1(4)",
"SumsOfSqs":"0.020983(0.139969)",
"MeanSqs":"0.020983(0.034992)",
"F.Model":"0.59965",
"R2":"0.13037(0.86963)",
"Pr(>F)":"0.8"
},
{"Vs_group":"RDS-RD",
"Df":"1(4)",
"SumsOfSqs":"0.42964(0.16904)",
"MeanSqs":"0.42964(0.04226)",
"F.Model":"10.167",
"R2":"0.71764(0.28236)",
"Pr(>F)":"0.001389"
},
{"Vs_group":"RDS-PR",
"Df":"1(4)",
"SumsOfSqs":"0.25738(0.17721)",
"MeanSqs":"0.257376(0.044303)",
"F.Model":"5.8094",
"R2":"0.59223(0.40777)",
"Pr(>F)":"0.001389"
},
{"Vs_group":"RD-PR",
"Df":"1(4)",
"SumsOfSqs":"0.066066(0.164941)",
"MeanSqs":"0.066066(0.041235)",
"F.Model":"1.6022",
"R2":"0.28599(0.71401)",
"Pr(>F)":"0.3"
}
]
}
