{"src/json/alpha_diversity_index.json":[
{"Sample name":"S1",
"observed_species":"845",
"shannon":"6.473",
"simpson":"0.976",
"chao1":"896.800",
"ACE":"912.974",
"goods_coverage":"0.999",
"PD_whole_tree":"188.845"
},
{"Sample name":"S2",
"observed_species":"928",
"shannon":"6.573",
"simpson":"0.976",
"chao1":"986.000",
"ACE":"991.122",
"goods_coverage":"0.999",
"PD_whole_tree":"243.998"
},
{"Sample name":"S3",
"observed_species":"909",
"shannon":"6.402",
"simpson":"0.971",
"chao1":"925.683",
"ACE":"945.744",
"goods_coverage":"0.999",
"PD_whole_tree":"208.860"
},
{"Sample name":"RD1",
"observed_species":"727",
"shannon":"4.712",
"simpson":"0.825",
"chao1":"783.026",
"ACE":"799.818",
"goods_coverage":"0.999",
"PD_whole_tree":"178.156"
},
{"Sample name":"RD2",
"observed_species":"695",
"shannon":"4.660",
"simpson":"0.880",
"chao1":"806.159",
"ACE":"840.465",
"goods_coverage":"0.999",
"PD_whole_tree":"172.242"
},
{"Sample name":"RD3",
"observed_species":"556",
"shannon":"4.221",
"simpson":"0.840",
"chao1":"627.448",
"ACE":"646.086",
"goods_coverage":"0.999",
"PD_whole_tree":"134.184"
},
{"Sample name":"RDS1",
"observed_species":"369",
"shannon":"4.122",
"simpson":"0.882",
"chao1":"418.554",
"ACE":"422.982",
"goods_coverage":"0.999",
"PD_whole_tree":"85.662"
},
{"Sample name":"RDS2",
"observed_species":"395",
"shannon":"4.427",
"simpson":"0.913",
"chao1":"426.586",
"ACE":"436.451",
"goods_coverage":"0.999",
"PD_whole_tree":"90.555"
},
{"Sample name":"RDS3",
"observed_species":"372",
"shannon":"4.051",
"simpson":"0.887",
"chao1":"423.776",
"ACE":"431.150",
"goods_coverage":"0.999",
"PD_whole_tree":"86.939"
},
{"Sample name":"SR1",
"observed_species":"634",
"shannon":"4.421",
"simpson":"0.859",
"chao1":"705.176",
"ACE":"724.560",
"goods_coverage":"0.999",
"PD_whole_tree":"155.078"
},
{"Sample name":"SR2",
"observed_species":"473",
"shannon":"4.007",
"simpson":"0.865",
"chao1":"528.618",
"ACE":"557.845",
"goods_coverage":"0.999",
"PD_whole_tree":"114.588"
},
{"Sample name":"SR3",
"observed_species":"727",
"shannon":"4.422",
"simpson":"0.830",
"chao1":"812.091",
"ACE":"832.049",
"goods_coverage":"0.999",
"PD_whole_tree":"172.043"
},
{"Sample name":"PR1",
"observed_species":"545",
"shannon":"4.427",
"simpson":"0.901",
"chao1":"604.455",
"ACE":"623.667",
"goods_coverage":"0.999",
"PD_whole_tree":"123.405"
},
{"Sample name":"PR2",
"observed_species":"614",
"shannon":"4.284",
"simpson":"0.861",
"chao1":"679.582",
"ACE":"721.630",
"goods_coverage":"0.999",
"PD_whole_tree":"137.989"
},
{"Sample name":"PR3",
"observed_species":"665",
"shannon":"4.347",
"simpson":"0.809",
"chao1":"733.974",
"ACE":"757.966",
"goods_coverage":"0.999",
"PD_whole_tree":"164.078"
}
]
}
