{"src/json/data_summary.json":[
{"Sample Name":"S1",
"Raw PE(#)":"160,009",
"Combined(#)":"121,079",
"Qualified(#)":"119,297",
"Nochime(#)":"111,915",
"Base(nt)":"27,490,455",
"AvgLen(nt)":"246",
"Q20":"98.34",
"Q30":"96.33",
"GC%":"50.35",
"Effective%":"69.94"
},
{"Sample Name":"S2",
"Raw PE(#)":"164,667",
"Combined(#)":"121,919",
"Qualified(#)":"120,256",
"Nochime(#)":"111,237",
"Base(nt)":"27,158,655",
"AvgLen(nt)":"244",
"Q20":"98.36",
"Q30":"96.40",
"GC%":"50.27",
"Effective%":"67.55"
},
{"Sample Name":"S3",
"Raw PE(#)":"163,978",
"Combined(#)":"121,149",
"Qualified(#)":"120,199",
"Nochime(#)":"109,997",
"Base(nt)":"26,456,408",
"AvgLen(nt)":"241",
"Q20":"98.42",
"Q30":"96.61",
"GC%":"50.54",
"Effective%":"67.08"
},
{"Sample Name":"RD1",
"Raw PE(#)":"162,866",
"Combined(#)":"126,335",
"Qualified(#)":"124,746",
"Nochime(#)":"116,077",
"Base(nt)":"28,410,833",
"AvgLen(nt)":"245",
"Q20":"98.43",
"Q30":"96.50",
"GC%":"53.72",
"Effective%":"71.27"
},
{"Sample Name":"RD2",
"Raw PE(#)":"166,620",
"Combined(#)":"143,221",
"Qualified(#)":"142,444",
"Nochime(#)":"134,922",
"Base(nt)":"33,980,640",
"AvgLen(nt)":"252",
"Q20":"98.51",
"Q30":"96.33",
"GC%":"53.29",
"Effective%":"80.98"
},
{"Sample Name":"RD3",
"Raw PE(#)":"165,410",
"Combined(#)":"150,588",
"Qualified(#)":"149,383",
"Nochime(#)":"144,901",
"Base(nt)":"36,636,670",
"AvgLen(nt)":"253",
"Q20":"98.45",
"Q30":"96.25",
"GC%":"54.05",
"Effective%":"87.60"
},
{"Sample Name":"RDS1",
"Raw PE(#)":"162,346",
"Combined(#)":"148,812",
"Qualified(#)":"147,633",
"Nochime(#)":"143,057",
"Base(nt)":"37,292,955",
"AvgLen(nt)":"261",
"Q20":"98.36",
"Q30":"95.80",
"GC%":"49.95",
"Effective%":"88.12"
},
{"Sample Name":"RDS2",
"Raw PE(#)":"166,527",
"Combined(#)":"116,429",
"Qualified(#)":"115,821",
"Nochime(#)":"110,116",
"Base(nt)":"27,789,223",
"AvgLen(nt)":"252",
"Q20":"98.60",
"Q30":"96.45",
"GC%":"53.92",
"Effective%":"66.13"
},
{"Sample Name":"RDS3",
"Raw PE(#)":"165,895",
"Combined(#)":"153,340",
"Qualified(#)":"151,890",
"Nochime(#)":"145,119",
"Base(nt)":"38,567,971",
"AvgLen(nt)":"266",
"Q20":"98.49",
"Q30":"95.96",
"GC%":"52.23",
"Effective%":"87.48"
},
{"Sample Name":"SR1",
"Raw PE(#)":"168,151",
"Combined(#)":"150,823",
"Qualified(#)":"149,618",
"Nochime(#)":"144,351",
"Base(nt)":"36,413,515",
"AvgLen(nt)":"252",
"Q20":"98.46",
"Q30":"96.24",
"GC%":"53.72",
"Effective%":"85.85"
},
{"Sample Name":"SR2",
"Raw PE(#)":"161,571",
"Combined(#)":"142,406",
"Qualified(#)":"140,848",
"Nochime(#)":"137,135",
"Base(nt)":"36,569,097",
"AvgLen(nt)":"267",
"Q20":"98.19",
"Q30":"95.31",
"GC%":"50.19",
"Effective%":"84.88"
},
{"Sample Name":"SR3",
"Raw PE(#)":"165,292",
"Combined(#)":"144,411",
"Qualified(#)":"143,406",
"Nochime(#)":"137,614",
"Base(nt)":"34,124,568",
"AvgLen(nt)":"248",
"Q20":"98.33",
"Q30":"96.15",
"GC%":"54.23",
"Effective%":"83.26"
},
{"Sample Name":"PR1",
"Raw PE(#)":"170,872",
"Combined(#)":"153,472",
"Qualified(#)":"151,610",
"Nochime(#)":"146,944",
"Base(nt)":"38,205,642",
"AvgLen(nt)":"260",
"Q20":"98.33",
"Q30":"95.93",
"GC%":"51.09",
"Effective%":"86.00"
},
{"Sample Name":"PR2",
"Raw PE(#)":"170,167",
"Combined(#)":"154,163",
"Qualified(#)":"152,852",
"Nochime(#)":"146,836",
"Base(nt)":"37,741,695",
"AvgLen(nt)":"257",
"Q20":"98.47",
"Q30":"96.27",
"GC%":"52.69",
"Effective%":"86.29"
},
{"Sample Name":"PR3",
"Raw PE(#)":"163,166",
"Combined(#)":"138,557",
"Qualified(#)":"137,171",
"Nochime(#)":"132,593",
"Base(nt)":"32,663,262",
"AvgLen(nt)":"246",
"Q20":"98.60",
"Q30":"96.82",
"GC%":"54.20",
"Effective%":"81.26"
}
]
}
