{"src/json/stat_adonis.json":[
{"Vs_group":"PR-RD",
"Df":"1(4)",
"SumsOfSqs":"0.04450(0.36418)",
"MeanSqs":"0.044501(0.091044)",
"F.Model":"0.48879",
"R2":"0.10889(0.89111)",
"Pr(>F)":"0.5"
},
{"Vs_group":"PR-SR",
"Df":"1(4)",
"SumsOfSqs":"0.013404(0.256898)",
"MeanSqs":"0.013404(0.064224)",
"F.Model":"0.20871",
"R2":"0.04959(0.95041)",
"Pr(>F)":"0.7014"
},
{"Vs_group":"PR-Soil",
"Df":"1(4)",
"SumsOfSqs":"0.58561(0.23536)",
"MeanSqs":"0.58561(0.05884)",
"F.Model":"9.9528",
"R2":"0.71332(0.28668)",
"Pr(>F)":"0.1"
},
{"Vs_group":"PR-RDS",
"Df":"1(4)",
"SumsOfSqs":"0.21238(0.27388)",
"MeanSqs":"0.21238(0.06847)",
"F.Model":"3.1018",
"R2":"0.43677(0.56323)",
"Pr(>F)":"0.2"
},
{"Vs_group":"RD-SR",
"Df":"1(4)",
"SumsOfSqs":"0.039849(0.230995)",
"MeanSqs":"0.039849(0.057749)",
"F.Model":"0.69004",
"R2":"0.14713(0.85287)",
"Pr(>F)":"0.5014"
},
{"Vs_group":"RD-Soil",
"Df":"1(4)",
"SumsOfSqs":"0.50103(0.20945)",
"MeanSqs":"0.50103(0.05236)",
"F.Model":"9.5683",
"R2":"0.7052(0.2948)",
"Pr(>F)":"0.1"
},
{"Vs_group":"RD-RDS",
"Df":"1(4)",
"SumsOfSqs":"0.37943(0.24798)",
"MeanSqs":"0.37943(0.06199)",
"F.Model":"6.1204",
"R2":"0.60476(0.39524)",
"Pr(>F)":"0.1"
},
{"Vs_group":"SR-Soil",
"Df":"1(4)",
"SumsOfSqs":"0.70368(0.10217)",
"MeanSqs":"0.70368(0.02554)",
"F.Model":"27.548",
"R2":"0.87321(0.12679)",
"Pr(>F)":"0.1"
},
{"Vs_group":"SR-RDS",
"Df":"1(4)",
"SumsOfSqs":"0.20662(0.14070)",
"MeanSqs":"0.206618(0.035175)",
"F.Model":"5.874",
"R2":"0.5949(0.4051)",
"Pr(>F)":"0.001389"
},
{"Vs_group":"Soil-RDS",
"Df":"1(4)",
"SumsOfSqs":"1.02235(0.11916)",
"MeanSqs":"1.02235(0.02979)",
"F.Model":"34.319",
"R2":"0.89561(0.10439)",
"Pr(>F)":"0.1"
}
]
}
