{"src/json/stat_anosim.json":[
{"Group":"PR-Soil",
"R-value":"0.8889",
"P-value":"0.1"
},
{"Group":"SR-Soil",
"R-value":"1",
"P-value":"0.1"
},
{"Group":"SR-PR",
"R-value":"-0.1852",
"P-value":"0.7"
},
{"Group":"RD-Soil",
"R-value":"0.7778",
"P-value":"0.1"
},
{"Group":"RD-PR",
"R-value":"-0.2593",
"P-value":"0.9"
},
{"Group":"RD-SR",
"R-value":"-0.1481",
"P-value":"0.9"
},
{"Group":"RDS-Soil",
"R-value":"1",
"P-value":"0.1"
},
{"Group":"RDS-PR",
"R-value":"0.3333",
"P-value":"0.2"
},
{"Group":"RDS-SR",
"R-value":"0.8148",
"P-value":"0.1"
},
{"Group":"RDS-RD",
"R-value":"0.4815",
"P-value":"0.1"
}
]
}
