{"src/json/stat_mrpp.json":[
{"Group":"RD-SR",
"A":"-0.05725",
"observed-delta":"0.3082",
"expected-delta":"0.2915",
"Significance":"0.6"
},
{"Group":"RDS-SR",
"A":"0.2654",
"observed-delta":"0.2592",
"expected-delta":"0.3528",
"Significance":"0.1"
},
{"Group":"RD-RDS",
"A":"0.2736",
"observed-delta":"0.3277",
"expected-delta":"0.4512",
"Significance":"0.1"
},
{"Group":"Soil-SR",
"A":"0.5697",
"observed-delta":"0.2197",
"expected-delta":"0.5105",
"Significance":"0.1"
},
{"Group":"RD-Soil",
"A":"0.4074",
"observed-delta":"0.2882",
"expected-delta":"0.4864",
"Significance":"0.1"
},
{"Group":"RDS-Soil",
"A":"0.6044",
"observed-delta":"0.2392",
"expected-delta":"0.6046",
"Significance":"0.1"
},
{"Group":"PR-SR",
"A":"-0.09099",
"observed-delta":"0.3272",
"expected-delta":"0.2999",
"Significance":"0.7"
},
{"Group":"PR-RD",
"A":"-0.08557",
"observed-delta":"0.3957",
"expected-delta":"0.3646",
"Significance":"0.5"
},
{"Group":"PR-RDS",
"A":"0.1394",
"observed-delta":"0.3467",
"expected-delta":"0.4029",
"Significance":"0.2"
},
{"Group":"PR-Soil",
"A":"0.4187",
"observed-delta":"0.3072",
"expected-delta":"0.5285",
"Significance":"0.1"
}
]
}
