{"src/json/stat_amova.json":[
{"vs_group":"PR-RDS",
"SS":"0.182066(0.441628)",
"df":"1(4)",
"MS":"0.182066(0.110407)",
"Fs":"1.64904",
"p-value":"0.181"
},
{"vs_group":"SR-Soil",
"SS":"0.984002(0.212637)",
"df":"1(4)",
"MS":"0.984002(0.0531592)",
"Fs":"18.5105",
"p-value":"0.107"
},
{"vs_group":"RDS-SR",
"SS":"0.175053(0.295291)",
"df":"1(4)",
"MS":"0.175053(0.0738229)",
"Fs":"2.37126",
"p-value":"0.213"
},
{"vs_group":"PR-Soil",
"SS":"0.835423(0.358974)",
"df":"1(4)",
"MS":"0.835423(0.0897434)",
"Fs":"9.30902",
"p-value":"0.012"
},
{"vs_group":"RD-RDS",
"SS":"0.375152(0.367389)",
"df":"1(4)",
"MS":"0.375152(0.0918473)",
"Fs":"4.08452",
"p-value":"0.101"
},
{"vs_group":"PR-RD-RDS-SR-Soil",
"SS":"1.8836(0.882974)",
"df":"4(10)",
"MS":"0.4709(0.0882974)",
"Fs":"5.33311",
"p-value":"0.004*"
},
{"vs_group":"RD-Soil",
"SS":"0.601333(0.284734)",
"df":"1(4)",
"MS":"0.601333(0.0711836)",
"Fs":"8.44763",
"p-value":"0.1"
},
{"vs_group":"PR-RD",
"SS":"0.0719882(0.531658)",
"df":"1(4)",
"MS":"0.0719882(0.132914)",
"Fs":"0.541613",
"p-value":"0.424"
},
{"vs_group":"RD-SR",
"SS":"0.0794845(0.385321)",
"df":"1(4)",
"MS":"0.0794845(0.0963302)",
"Fs":"0.825126",
"p-value":"0.513"
},
{"vs_group":"PR-SR",
"SS":"0.0189805(0.45956)",
"df":"1(4)",
"MS":"0.0189805(0.11489)",
"Fs":"0.165206",
"p-value":"0.833"
},
{"vs_group":"RDS-Soil",
"SS":"1.38551(0.194705)",
"df":"1(4)",
"MS":"1.38551(0.0486763)",
"Fs":"28.4638",
"p-value":"0.13"
}
]
}
